Г.Москва, 108803, ул Поляны (п Сосенское), влд 50, стр 1;4957775444;7713527850;orange 1
Г.Москва, 108803, ул Поляны (п Сосенское), влд 50, стр 1;4957775444;7713527850;orange 2
Г.Москва, 108803, ул Поляны (п Сосенское), влд 50, стр 1;4957775444;7713527850;orange 3
Г.Москва, 108803, ул Поляны (п Сосенское), влд 50, стр 1;4957775444;7713527850;orange 4
Г.Москва, 108803, ул Поляны (п Сосенское), влд 50, стр 1;4957775444;7713527850;orange 5
Г.Москва, 108803, ул Поляны (п Сосенское), влд 50, стр 1;4957775444;7713527850;orange 6
Г.Москва, 108803, ул Поляны (п Сосенское), влд 50, стр 1;4957775444;7713527850;orange 7
Г.Москва, 108803, ул Поляны (п Сосенское), влд 50, стр 1;4957775444;7713527850;orange 8
Г.Москва, 108803, ул Поляны (п Сосенское), влд 50, стр 1;4957775444;7713527850;orange 9
Г.Москва, 108803, ул Поляны (п Сосенское), влд 50, стр 1;4957775444;7713527850;orange 10
Г.Москва, 108803, ул Поляны (п Сосенское), влд 50, стр 1;4957775444;7713527850;orange 11
Г.Москва, 108803, ул Поляны (п Сосенское), влд 50, стр 1;4957775444;7713527850;orange 12
Г.Москва, 108803, ул Поляны (п Сосенское), влд 50, стр 1;4957775444;7713527850;orange 13
Г.Москва, 108803, ул Поляны (п Сосенское), влд 50, стр 1;4957775444;7713527850;orange 14
Г.Москва, 108803, ул Поляны (п Сосенское), влд 50, стр 1;4957775444;7713527850;orange 15
Г.Москва, 108803, ул Поляны (п Сосенское), влд 50, стр 1;4957775444;7713527850;orange 16
Г.Москва, 108803, ул Поляны (п Сосенское), влд 50, стр 1;4957775444;7713527850;orange 17
Г.Москва, 108803, ул Поляны (п Сосенское), влд 50, стр 1;4957775444;7713527850;orange 18
Г.Москва, 108803, ул Поляны (п Сосенское), влд 50, стр 1;4957775444;7713527850;orange 19
Г.Москва, 108803, ул Поляны (п Сосенское), влд 50, стр 1;4957775444;7713527850;orange 20
Г.Москва, 108803, ул Поляны (п Сосенское), влд 50, стр 1;4957775444;7713527850;orange 21
Г.Москва, 108803, ул Поляны (п Сосенское), влд 50, стр 1;4957775444;7713527850;orange 22
Г.Москва, 108803, ул Поляны (п Сосенское), влд 50, стр 1;4957775444;7713527850;orange 23
Г.Москва, 108803, ул Поляны (п Сосенское), влд 50, стр 1;4957775444;7713527850;orange 24
Г.Москва, 108803, ул Поляны (п Сосенское), влд 50, стр 1;4957775444;7713527850;orange 25
Г.Москва, 108803, ул Поляны (п Сосенское), влд 50, стр 1;4957775444;7713527850;orange 26
Г.Москва, 108803, ул Поляны (п Сосенское), влд 50, стр 1;4957775444;7713527850;orange 27
Г.Москва, 108803, ул Поляны (п Сосенское), влд 50, стр 1;4957775444;7713527850;orange 28
Г.Москва, 108803, ул Поляны (п Сосенское), влд 50, стр 1;4957775444;7713527850;orange 29
Г.Москва, 108803, ул Поляны (п Сосенское), влд 50, стр 1;4957775444;7713527850;orange 30
Г.Москва, 108803, ул Поляны (п Сосенское), влд 50, стр 1;4957775444;7713527850;orange 31
Г.Москва, 108803, ул Поляны (п Сосенское), влд 50, стр 1;4957775444;7713527850;orange 32
Г.Москва, 108803, ул Поляны (п Сосенское), влд 50, стр 1;4957775444;7713527850;orange 33
Г.Москва, 108803, ул Поляны (п Сосенское), влд 50, стр 1;4957775444;7713527850;orange 34
Г.Москва, 108803, ул Поляны (п Сосенское), влд 50, стр 1;4957775444;7713527850;orange 35
Г.Москва, 108803, ул Поляны (п Сосенское), влд 50, стр 1;4957775444;7713527850;orange 36
Г.Москва, 108803, ул Поляны (п Сосенское), влд 50, стр 1;4957775444;7713527850;orange 37
Г.Москва, 108803, ул Поляны (п Сосенское), влд 50, стр 1;4957775444;7713527850;orange 38
Г.Москва, 108803, ул Поляны (п Сосенское), влд 50, стр 1;4957775444;7713527850;orange 39
Г.Москва, 108803, ул Поляны (п Сосенское), влд 50, стр 1;4957775444;7713527850;orange 40
Г.Москва, 108803, ул Поляны (п Сосенское), влд 50, стр 1;4957775444;7713527850;orange 41
Г.Москва, 108803, ул Поляны (п Сосенское), влд 50, стр 1;4957775444;7713527850;orange 42
Г.Москва, 108803, ул Поляны (п Сосенское), влд 50, стр 1;4957775444;7713527850;orange 43
Г.Москва, 108803, ул Поляны (п Сосенское), влд 50, стр 1;4957775444;7713527850;orange 44
Г.Москва, 108803, ул Поляны (п Сосенское), влд 50, стр 1;4957775444;7713527850;orange 45
Г.Москва, 108803, ул Поляны (п Сосенское), влд 50, стр 1;4957775444;7713527850;orange 46
Г.Москва, 108803, ул Поляны (п Сосенское), влд 50, стр 1;4957775444;7713527850;orange 47
Г.Москва, 108803, ул Поляны (п Сосенское), влд 50, стр 1;4957775444;7713527850;orange 48
Г.Москва, 108803, ул Поляны (п Сосенское), влд 50, стр 1;4957775444;7713527850;orange 49
Г.Москва, 108803, ул Поляны (п Сосенское), влд 50, стр 1;4957775444;7713527850;orange 50
Г.Москва, 108803, ул Поляны (п Сосенское), влд 50, стр 1;4957775444;7713527850;orange 51
Г.Москва, 108803, ул Поляны (п Сосенское), влд 50, стр 1;4957775444;7713527850;orange 52
Г.Москва, 108803, ул Поляны (п Сосенское), влд 50, стр 1;4957775444;7713527850;orange 53
Г.Москва, 108803, ул Поляны (п Сосенское), влд 50, стр 1;4957775444;7713527850;orange 54
Г.Москва, 108803, ул Поляны (п Сосенское), влд 50, стр 1;4957775444;7713527850;orange 55
Г.Москва, 108803, ул Поляны (п Сосенское), влд 50, стр 1;4957775444;7713527850;orange 56
Г.Москва, 108803, ул Поляны (п Сосенское), влд 50, стр 1;4957775444;7713527850;orange 57
Г.Москва, 108803, ул Поляны (п Сосенское), влд 50, стр 1;4957775444;7713527850;orange 58
Г.Москва, 108803, ул Поляны (п Сосенское), влд 50, стр 1;4957775444;7713527850;orange 59
Г.Москва, 108803, ул Поляны (п Сосенское), влд 50, стр 1;4957775444;7713527850;orange 60
Г.Москва, 108803, ул Поляны (п Сосенское), влд 50, стр 1;4957775444;7713527850;orange 61
Г.Москва, 108803, ул Поляны (п Сосенское), влд 50, стр 1;4957775444;7713527850;orange 62
Г.Москва, 108803, ул Поляны (п Сосенское), влд 50, стр 1;4957775444;7713527850;orange 63
Г.Москва, 108803, ул Поляны (п Сосенское), влд 50, стр 1;4957775444;7713527850;orange 64
Г.Москва, 108803, ул Поляны (п Сосенское), влд 50, стр 1;4957775444;7713527850;orange 65
Г.Москва, 108803, ул Поляны (п Сосенское), влд 50, стр 1;4957775444;7713527850;orange 66
Г.Москва, 108803, ул Поляны (п Сосенское), влд 50, стр 1;4957775444;7713527850;orange 67
Г.Москва, 108803, ул Поляны (п Сосенское), влд 50, стр 1;4957775444;7713527850;orange 68
Г.Москва, 108803, ул Поляны (п Сосенское), влд 50, стр 1;4957775444;7713527850;orange 69
Г.Москва, 108803, ул Поляны (п Сосенское), влд 50, стр 1;4957775444;7713527850;orange 70
Г.Москва, 108803, ул Поляны (п Сосенское), влд 50, стр 1;4957775444;7713527850;orange 71
Г.Москва, 108803, ул Поляны (п Сосенское), влд 50, стр 1;4957775444;7713527850;orange 72
Г.Москва, 108803, ул Поляны (п Сосенское), влд 50, стр 1;4957775444;7713527850;orange 73
Г.Москва, 108803, ул Поляны (п Сосенское), влд 50, стр 1;4957775444;7713527850;orange 74
Г.Москва, 108803, ул Поляны (п Сосенское), влд 50, стр 1;4957775444;7713527850;orange 75
Г.Москва, 108803, ул Поляны (п Сосенское), влд 50, стр 1;4957775444;7713527850;orange 76
Г.Москва, 108803, ул Поляны (п Сосенское), влд 50, стр 1;4957775444;7713527850;orange 77
Г.Москва, 108803, ул Поляны (п Сосенское), влд 50, стр 1;4957775444;7713527850;orange 78
Г.Москва, 108803, ул Поляны (п Сосенское), влд 50, стр 1;4957775444;7713527850;orange 79
Г.Москва, 108803, ул Поляны (п Сосенское), влд 50, стр 1;4957775444;7713527850;orange 80
Г.Москва, 108803, ул Поляны (п Сосенское), влд 50, стр 1;4957775444;7713527850;orange 81
Г.Москва, 108803, ул Поляны (п Сосенское), влд 50, стр 1;4957775444;7713527850;orange 82
Г.Москва, 108803, ул Поляны (п Сосенское), влд 50, стр 1;4957775444;7713527850;orange 83
Г.Москва, 108803, ул Поляны (п Сосенское), влд 50, стр 1;4957775444;7713527850;orange 84
Г.Москва, 108803, ул Поляны (п Сосенское), влд 50, стр 1;4957775444;7713527850;orange 85
Г.Москва, 108803, ул Поляны (п Сосенское), влд 50, стр 1;4957775444;7713527850;orange 86
Г.Москва, 108803, ул Поляны (п Сосенское), влд 50, стр 1;4957775444;7713527850;orange 87
Г.Москва, 108803, ул Поляны (п Сосенское), влд 50, стр 1;4957775444;7713527850;orange 88
Г.Москва, 108803, ул Поляны (п Сосенское), влд 50, стр 1;4957775444;7713527850;orange 89
Г.Москва, 108803, ул Поляны (п Сосенское), влд 50, стр 1;4957775444;7713527850;orange 90
Г.Москва, 108803, ул Поляны (п Сосенское), влд 50, стр 1;4957775444;7713527850;orange 91
Г.Москва, 108803, ул Поляны (п Сосенское), влд 50, стр 1;4957775444;7713527850;orange 92
Г.Москва, 108803, ул Поляны (п Сосенское), влд 50, стр 1;4957775444;7713527850;orange 93
Г.Москва, 108803, ул Поляны (п Сосенское), влд 50, стр 1;4957775444;7713527850;orange 94
Г.Москва, 108803, ул Поляны (п Сосенское), влд 50, стр 1;4957775444;7713527850;orange 95
Г.Москва, 108803, ул Поляны (п Сосенское), влд 50, стр 1;4957775444;7713527850;orange 96
Г.Москва, 108803, ул Поляны (п Сосенское), влд 50, стр 1;4957775444;7713527850;orange 97
Г.Москва, 108803, ул Поляны (п Сосенское), влд 50, стр 1;4957775444;7713527850;orange 98
Г.Москва, 108803, ул Поляны (п Сосенское), влд 50, стр 1;4957775444;7713527850;orange 99
Г.Москва, 108803, ул Поляны (п Сосенское), влд 50, стр 1;4957775444;7713527850;orange 100
